0,1,2,3,4,5,6,7,8,9
1584504876.3603663,1584504876.8598983,1584504876.8612278,1584504876.8616967,1584504876.862247,1584504876.862795,1584504876.8631523,1584504876.8637433,1584504876.8643832,1584504876.8648214
1584504876.9130812,1584504876.9133432,1584504876.9135854,1584504876.913657,1584504876.9138236,1584504876.9140203,1584504876.9140792,1584504876.9142585,1584504876.9144514,1584504876.9145105
1584504876.9605634,1584504876.9607985,1584504876.961033,1584504876.9611032,1584504876.9612806,1584504876.9614768,1584504876.961536,1584504876.9616969,1584504876.9618924,1584504876.9619517
1584504877.0068054,1584504877.007029,1584504877.0072718,1584504877.0073423,1584504877.007509,1584504877.0077064,1584504877.0077662,1584504877.0079262,1584504877.0081205,1584504877.0081918
1584504877.0527933,1584504877.0530136,1584504877.0532563,1584504877.0533261,1584504877.0534906,1584504877.0536857,1584504877.0537453,1584504877.0539029,1584504877.054097,1584504877.0541713
1584504877.0987637,1584504877.0989852,1584504877.0992236,1584504877.0992947,1584504877.0994616,1584504877.0996578,1584504877.099717,1584504877.099877,1584504877.1000712,1584504877.1001394
1584504877.143694,1584504877.1439,1584504877.1441216,1584504877.1442008,1584504877.1443632,1584504877.1445575,1584504877.1446168,1584504877.1447756,1584504877.1449673,1584504877.1450264
1584504877.1876342,1584504877.1878488,1584504877.1880739,1584504877.1881533,1584504877.1883209,1584504877.1885188,1584504877.1885784,1584504877.1887367,1584504877.18893,1584504877.18899
1584504877.231144,1584504877.2313495,1584504877.2315664,1584504877.2316327,1584504877.2317944,1584504877.231988,1584504877.2320468,1584504877.2324185,1584504877.2326133,1584504877.232673
1584504877.2751074,1584504877.2753375,1584504877.2755632,1584504877.2756317,1584504877.2757955,1584504877.2759933,1584504877.276054,1584504877.2764497,1584504877.27665,1584504877.2767096
1584504877.3184743,1584504877.3186796,1584504877.318899,1584504877.3189652,1584504877.319137,1584504877.3193338,1584504877.3193939,1584504877.3195534,1584504877.3197448,1584504877.3198037
1584504877.361776,1584504877.36199,1584504877.3622248,1584504877.3622932,1584504877.3624597,1584504877.3626573,1584504877.3627167,1584504877.3628755,1584504877.363066,1584504877.363136
1584504877.405222,1584504877.4054408,1584504877.4056666,1584504877.4057362,1584504877.4059007,1584504877.4060955,1584504877.406168,1584504877.4063292,1584504877.4065218,1584504877.406581
1584504877.448673,1584504877.448888,1584504877.449111,1584504877.4491904,1584504877.4493558,1584504877.4495516,1584504877.4496107,1584504877.4497702,1584504877.4499624,1584504877.450023
1584504877.4920428,1584504877.49227,1584504877.4924948,1584504877.4925625,1584504877.4927268,1584504877.4929216,1584504877.4929805,1584504877.4931521,1584504877.4933455,1584504877.493405
1584504877.535428,1584504877.535643,1584504877.535869,1584504877.5359373,1584504877.536102,1584504877.5365372,1584504877.5365973,1584504877.5367577,1584504877.5369506,1584504877.5370097
1584504877.5795093,1584504877.5797467,1584504877.5799804,1584504877.5800507,1584504877.5802279,1584504877.5804245,1584504877.580484,1584504877.5806453,1584504877.580836,1584504877.5808947
1584504877.6232939,1584504877.6235092,1584504877.6237342,1584504877.623803,1584504877.623967,1584504877.6241739,1584504877.6242337,1584504877.6243935,1584504877.624585,1584504877.624644
1584504877.666861,1584504877.6670928,1584504877.6673405,1584504877.66741,1584504877.6675746,1584504877.6677697,1584504877.667828,1584504877.6679862,1584504877.668193,1584504877.6682527
1584504877.7103221,1584504877.7105384,1584504877.7107635,1584504877.7108324,1584504877.7109964,1584504877.711205,1584504877.7112663,1584504877.7114265,1584504877.711622,1584504877.7116814
1584504877.753793,1584504877.7540212,1584504877.7542605,1584504877.7543304,1584504877.7544947,1584504877.754688,1584504877.7547472,1584504877.7549057,1584504877.7550967,1584504877.755168
1584504877.7972608,1584504877.7974827,1584504877.7977123,1584504877.7977812,1584504877.7979467,1584504877.7981534,1584504877.798215,1584504877.7983756,1584504877.7985678,1584504877.798627
1584504877.840708,1584504877.8409271,1584504877.8411639,1584504877.8412335,1584504877.8413975,1584504877.841592,1584504877.8416507,1584504877.8418086,1584504877.8420022,1584504877.8420618
1584504877.8843822,1584504877.8846037,1584504877.8848314,1584504877.884901,1584504877.8850672,1584504877.8852773,1584504877.8853385,1584504877.8854988,1584504877.8856928,1584504877.8857517
1584504877.9278247,1584504877.9280422,1584504877.928283,1584504877.9283528,1584504877.9285178,1584504877.9287143,1584504877.9287736,1584504877.9289339,1584504877.929137,1584504877.9292
1584504877.9712968,1584504877.971527,1584504877.9717612,1584504877.9718313,1584504877.9719954,1584504877.972203,1584504877.9722636,1584504877.972424,1584504877.9726162,1584504877.9726753
1584504878.0147948,1584504878.015015,1584504878.015333,1584504878.015402,1584504878.0155675,1584504878.0157642,1584504878.0158234,1584504878.0159817,1584504878.0161974,1584504878.0162587
1584504878.0585434,1584504878.0587683,1584504878.0589995,1584504878.0590699,1584504878.059247,1584504878.05951,1584504878.05957,1584504878.0597303,1584504878.0599256,1584504878.0599852
1584504878.1021132,1584504878.102343,1584504878.1025717,1584504878.1026406,1584504878.1028047,1584504878.1030006,1584504878.1030595,1584504878.10323,1584504878.1034214,1584504878.1034808
1584504878.1455798,1584504878.145801,1584504878.1460283,1584504878.1460977,1584504878.1462736,1584504878.1464698,1584504878.1465294,1584504878.146689,1584504878.14688,1584504878.1469398
1584504878.1893075,1584504878.1895354,1584504878.1897688,1584504878.1898382,1584504878.1900022,1584504878.1902106,1584504878.1902695,1584504878.1904287,1584504878.1906204,1584504878.1906788
1584504878.2327864,1584504878.2329981,1584504878.233235,1584504878.2333043,1584504878.2334697,1584504878.2336671,1584504878.2337263,1584504878.2338867,1584504878.2340798,1584504878.2341533
1584504878.2766225,1584504878.2768445,1584504878.2770698,1584504878.2771492,1584504878.2773163,1584504878.2775104,1584504878.2775686,1584504878.2777288,1584504878.2779205,1584504878.2779803
1584504878.3202474,1584504878.3204677,1584504878.3206937,1584504878.3207624,1584504878.3209271,1584504878.3211362,1584504878.3212004,1584504878.3213606,1584504878.3215523,1584504878.3216121
1584504878.3637123,1584504878.3639414,1584504878.364188,1584504878.364258,1584504878.3644218,1584504878.364616,1584504878.3646748,1584504878.364834,1584504878.365028,1584504878.3650875
1584504878.40708,1584504878.4073086,1584504878.4075353,1584504878.4076035,1584504878.407768,1584504878.4079626,1584504878.408022,1584504878.408193,1584504878.4083877,1584504878.408448
1584504878.4505296,1584504878.450749,1584504878.4509757,1584504878.4510443,1584504878.4512208,1584504878.451417,1584504878.4514768,1584504878.4516344,1584504878.4518244,1584504878.451883
1584504878.4940512,1584504878.49429,1584504878.49452,1584504878.494591,1584504878.4947555,1584504878.4949503,1584504878.495011,1584504878.4951854,1584504878.4953794,1584504878.4954388
1584504878.537303,1584504878.5375125,1584504878.537732,1584504878.5377982,1584504878.5379603,1584504878.5381649,1584504878.5382247,1584504878.538384,1584504878.538574,1584504878.538634
1584504878.579603,1584504878.5798519,1584504878.5801046,1584504878.580184,1584504878.5806563,1584504878.580863,1584504878.5809245,1584504878.581093,1584504878.5812993,1584504878.5813599
1584504878.6725814,1584504878.6732352,1584504878.6738784,1584504878.6740637,1584504878.674354,1584504878.6746836,1584504878.6747646,1584504878.675048,1584504878.6753783,1584504878.6754675
1584504878.7182562,1584504878.7185216,1584504878.7187824,1584504878.7188613,1584504878.719041,1584504878.719272,1584504878.7193382,1584504878.7195144,1584504878.719727,1584504878.719793
1584504878.7619896,1584504878.762242,1584504878.7627313,1584504878.762801,1584504878.7629666,1584504878.763174,1584504878.763234,1584504878.7633924,1584504878.7635856,1584504878.7636454
1584504878.8056865,1584504878.8059094,1584504878.8061483,1584504878.8062193,1584504878.8063846,1584504878.8065827,1584504878.806643,1584504878.8068151,1584504878.8070092,1584504878.8070688
1584504878.8490815,1584504878.8493104,1584504878.8495378,1584504878.8496065,1584504878.8497705,1584504878.8499656,1584504878.8500252,1584504878.8501968,1584504878.850393,1584504878.8504524
1584504878.8925238,1584504878.8927488,1584504878.892977,1584504878.8930452,1584504878.893222,1584504878.893417,1584504878.8934774,1584504878.893637,1584504878.8938286,1584504878.893888
1584504878.9359102,1584504878.9361537,1584504878.9363868,1584504878.9364557,1584504878.9366202,1584504878.9368155,1584504878.936874,1584504878.9370315,1584504878.937237,1584504878.9372969
1584504878.9793003,1584504878.9795282,1584504878.9797597,1584504878.979829,1584504878.979993,1584504878.980201,1584504878.9802613,1584504878.9804213,1584504878.980614,1584504878.9806743
1584504879.0227096,1584504879.0229285,1584504879.0231678,1584504879.023238,1584504879.0234022,1584504879.023595,1584504879.0236537,1584504879.023813,1584504879.0240064,1584504879.0240653
1584504879.0661626,1584504879.0663884,1584504879.0666192,1584504879.06669,1584504879.0668547,1584504879.0670495,1584504879.0671086,1584504879.0672827,1584504879.0674744,1584504879.0675337
1584504879.109552,1584504879.1097841,1584504879.1100147,1584504879.110084,1584504879.1102576,1584504879.110453,1584504879.110513,1584504879.1106715,1584504879.1108634,1584504879.1109228
1584504879.1529102,1584504879.1531525,1584504879.1533868,1584504879.1534564,1584504879.1536207,1584504879.1538162,1584504879.1538758,1584504879.1540344,1584504879.15424,1584504879.1542995
1584504879.1964173,1584504879.1966503,1584504879.1968806,1584504879.19695,1584504879.1971145,1584504879.1973233,1584504879.1973822,1584504879.1975415,1584504879.1977348,1584504879.197794
1584504879.2398374,1584504879.2400634,1584504879.240305,1584504879.2403743,1584504879.2405384,1584504879.240734,1584504879.2407932,1584504879.2409534,1584504879.2411578,1584504879.2412195
1584504879.2832696,1584504879.2835023,1584504879.2837348,1584504879.2838044,1584504879.2839677,1584504879.2841735,1584504879.2842343,1584504879.284392,1584504879.2845848,1584504879.284644
1584504879.3266737,1584504879.3268926,1584504879.3271167,1584504879.3271995,1584504879.3273647,1584504879.327562,1584504879.327623,1584504879.3277817,1584504879.3279746,1584504879.328035
1584504879.3701587,1584504879.3703866,1584504879.3706164,1584504879.370686,1584504879.3708482,1584504879.3710427,1584504879.3711033,1584504879.3712754,1584504879.3714705,1584504879.3715296
1584504879.4135444,1584504879.4137635,1584504879.4139893,1584504879.414059,1584504879.4142356,1584504879.4144323,1584504879.414491,1584504879.4146502,1584504879.4148424,1584504879.4149024
1584504879.4572763,1584504879.457518,1584504879.4577553,1584504879.4578261,1584504879.4579895,1584504879.4581978,1584504879.4582586,1584504879.4584188,1584504879.4586122,1584504879.4586718
1584504879.5311797,1584504879.531556,1584504879.531905,1584504879.532009,1584504879.5322692,1584504879.5325575,1584504879.5326433,1584504879.5328763,1584504879.5331702,1584504879.5332575
1584504879.5756109,1584504879.5759082,1584504879.5767765,1584504879.576865,1584504879.5770662,1584504879.5773218,1584504879.5773933,1584504879.5775862,1584504879.5778184,1584504879.5778902
1584504879.6210964,1584504879.6214392,1584504879.6217654,1584504879.6218624,1584504879.6220958,1584504879.6223931,1584504879.6224766,1584504879.6227038,1584504879.622978,1584504879.623061
1584504879.6657367,1584504879.6660125,1584504879.666309,1584504879.6663938,1584504879.6665971,1584504879.6668398,1584504879.6669128,1584504879.6671095,1584504879.6673653,1584504879.6674392
1584504879.7094934,1584504879.7097406,1584504879.7099943,1584504879.7100706,1584504879.7102687,1584504879.7104895,1584504879.7105553,1584504879.710733,1584504879.710947,1584504879.7110136
1584504879.753403,1584504879.7536178,1584504879.7538412,1584504879.753908,1584504879.7540731,1584504879.754285,1584504879.7543447,1584504879.7545066,1584504879.7547014,1584504879.7547607
1584504879.7975569,1584504879.7977695,1584504879.797987,1584504879.798053,1584504879.7982285,1584504879.7984204,1584504879.7984781,1584504879.7986329,1584504879.7988205,1584504879.7988782
1584504879.8411534,1584504879.841373,1584504879.8415961,1584504879.8416631,1584504879.841824,1584504879.8420143,1584504879.8420715,1584504879.842237,1584504879.8424263,1584504879.8424852
1584504879.8847783,1584504879.8850017,1584504879.885238,1584504879.885307,1584504879.8854697,1584504879.8856606,1584504879.8857186,1584504879.8858755,1584504879.8860643,1584504879.8861217
1584504879.9281468,1584504879.928364,1584504879.9285858,1584504879.9286525,1584504879.9288142,1584504879.9290028,1584504879.9290595,1584504879.929227,1584504879.9294157,1584504879.9294727
1584504879.9715328,1584504879.9717495,1584504879.9719703,1584504879.9720361,1584504879.9722123,1584504879.972403,1584504879.9724605,1584504879.972616,1584504879.9728034,1584504879.9728613
1584504880.0148642,1584504880.0150855,1584504880.0153267,1584504880.0153959,1584504880.0155563,1584504880.015748,1584504880.0158062,1584504880.0159614,1584504880.0163784,1584504880.0164413
1584504880.0581672,1584504880.0583806,1584504880.058601,1584504880.0586684,1584504880.0588284,1584504880.0590189,1584504880.059076,1584504880.059245,1584504880.0594354,1584504880.0594923
1584504880.1014888,1584504880.1017103,1584504880.101932,1584504880.1019983,1584504880.1021683,1584504880.102358,1584504880.1024146,1584504880.1025696,1584504880.1027546,1584504880.1028118
1584504880.1447957,1584504880.1450064,1584504880.1452322,1584504880.1452978,1584504880.14546,1584504880.1456506,1584504880.1457086,1584504880.1458645,1584504880.1460533,1584504880.1461108
1584504880.1881146,1584504880.1883404,1584504880.188559,1584504880.1886249,1584504880.1887841,1584504880.1889737,1584504880.1890314,1584504880.1892,1584504880.1893895,1584504880.1894472
1584504880.2314775,1584504880.231705,1584504880.2319303,1584504880.231999,1584504880.232172,1584504880.2323637,1584504880.2324212,1584504880.2325766,1584504880.2327654,1584504880.2328243
1584504880.2753582,1584504880.2755804,1584504880.2758055,1584504880.2758734,1584504880.2760332,1584504880.276602,1584504880.2766628,1584504880.27682,1584504880.2770138,1584504880.2770708
1584504880.3187246,1584504880.3189218,1584504880.319142,1584504880.3192096,1584504880.319369,1584504880.3195574,1584504880.3196146,1584504880.3197687,1584504880.319955,1584504880.320012
1584504880.3615153,1584504880.361708,1584504880.3619118,1584504880.3619742,1584504880.3621416,1584504880.3625097,1584504880.362567,1584504880.36272,1584504880.3629062,1584504880.362963
1584504880.4038126,1584504880.404028,1584504880.404272,1584504880.4043372,1584504880.4045033,1584504880.4046936,1584504880.4047515,1584504880.4049046,1584504880.4050927,1584504880.405163
1584504880.4970012,1584504880.497717,1584504880.4982271,1584504880.4983652,1584504880.4985719,1584504880.498828,1584504880.498886,1584504880.4991035,1584504880.499358,1584504880.499424
1584504880.5413005,1584504880.5415297,1584504880.5417535,1584504880.5418217,1584504880.5420475,1584504880.5422833,1584504880.5423772,1584504880.542536,1584504880.5427234,1584504880.5427806
1584504880.5848427,1584504880.5850651,1584504880.5853038,1584504880.5853703,1584504880.5855315,1584504880.5857224,1584504880.5857787,1584504880.5859349,1584504880.5861223,1584504880.586193
1584504880.628382,1584504880.628607,1584504880.628833,1584504880.6289024,1584504880.6290631,1584504880.6292682,1584504880.6293263,1584504880.6294832,1584504880.6296732,1584504880.6297317
1584504880.6717198,1584504880.6719427,1584504880.67218,1584504880.6722486,1584504880.672408,1584504880.6725967,1584504880.6726542,1584504880.6728098,1584504880.6729982,1584504880.6730554
1584504880.7150457,1584504880.715275,1584504880.7154984,1584504880.7155805,1584504880.7157419,1584504880.715933,1584504880.7159908,1584504880.71617,1584504880.7163603,1584504880.7164183
1584504880.7600963,1584504880.7604334,1584504880.7607346,1584504880.760825,1584504880.761044,1584504880.7615223,1584504880.7616014,1584504880.7618148,1584504880.762072,1584504880.762163
1584504880.8048253,1584504880.8051462,1584504880.805457,1584504880.805549,1584504880.8057737,1584504880.8060367,1584504880.8061168,1584504880.8063478,1584504880.8066084,1584504880.806687
1584504880.8491626,1584504880.849432,1584504880.8497071,1584504880.8497884,1584504880.8499854,1584504880.8502333,1584504880.850305,1584504880.8504958,1584504880.8507288,1584504880.8507996
1584504880.8936458,1584504880.893948,1584504880.8942475,1584504880.8943331,1584504880.89454,1584504880.894817,1584504880.8948913,1584504880.8950906,1584504880.895348,1584504880.8954217
1584504880.9378655,1584504880.9380927,1584504880.9383376,1584504880.9384055,1584504880.9385724,1584504880.9387689,1584504880.938829,1584504880.9389894,1584504880.9391944,1584504880.9392543
1584504880.9812467,1584504880.9814727,1584504880.9817028,1584504880.9817736,1584504880.9819374,1584504880.9821434,1584504880.9822054,1584504880.9823651,1584504880.982559,1584504880.982619
1584504881.0247557,1584504881.024975,1584504881.025216,1584504881.0252843,1584504881.025448,1584504881.0256448,1584504881.0257041,1584504881.025863,1584504881.0260546,1584504881.026114
1584504881.0680878,1584504881.0683227,1584504881.068552,1584504881.0686207,1584504881.0687864,1584504881.0689826,1584504881.0690432,1584504881.0692153,1584504881.0694075,1584504881.0694666
1584504881.1114776,1584504881.1116967,1584504881.1119215,1584504881.1119888,1584504881.112164,1584504881.1123602,1584504881.1124187,1584504881.1125786,1584504881.1127703,1584504881.11283
1584504881.1548,1584504881.1550233,1584504881.1552672,1584504881.155338,1584504881.1555042,1584504881.155702,1584504881.1557612,1584504881.1559207,1584504881.1561124,1584504881.1563902
1584504881.198164,1584504881.198383,1584504881.1986082,1584504881.198676,1584504881.1988392,1584504881.1990352,1584504881.1990957,1584504881.1992688,1584504881.1994631,1584504881.1995223
1584504881.2414787,1584504881.2417037,1584504881.2419345,1584504881.242004,1584504881.24218,1584504881.2423785,1584504881.2424383,1584504881.2425976,1584504881.2427905,1584504881.24285
1584504881.2849069,1584504881.2851176,1584504881.285352,1584504881.2854183,1584504881.2855809,1584504881.2857764,1584504881.2858353,1584504881.285994,1584504881.2861998,1584504881.28626
1584504881.3283072,1584504881.3285294,1584504881.3287544,1584504881.3288243,1584504881.328988,1584504881.3291976,1584504881.3292572,1584504881.3294158,1584504881.3296094,1584504881.3296695
1584504881.3716788,1584504881.3719025,1584504881.3721392,1584504881.37221,1584504881.3723724,1584504881.3725665,1584504881.3726256,1584504881.3727853,1584504881.3729773,1584504881.3730366
1584504881.4152014,1584504881.415424,1584504881.415655,1584504881.415724,1584504881.4158895,1584504881.4160864,1584504881.4163275,1584504881.4164937,1584504881.4167545,1584504881.4168139
1584504881.4585655,1584504881.4587846,1584504881.4590104,1584504881.4590786,1584504881.4592533,1584504881.4594514,1584504881.4595122,1584504881.459671,1584504881.4598649,1584504881.4599228
1584504881.5018978,1584504881.5021117,1584504881.5023475,1584504881.5024154,1584504881.5025792,1584504881.502775,1584504881.502835,1584504881.5029924,1584504881.503198,1584504881.5032578
1584504881.5452933,1584504881.5455153,1584504881.5457454,1584504881.545814,1584504881.5459774,1584504881.5461855,1584504881.5462458,1584504881.5464048,1584504881.546599,1584504881.5466583
1584504881.5885723,1584504881.5887902,1584504881.589014,1584504881.5890813,1584504881.589259,1584504881.5894558,1584504881.5895164,1584504881.589678,1584504881.5898693,1584504881.5899282
1584504881.6322222,1584504881.6324441,1584504881.63267,1584504881.6327384,1584504881.6329014,1584504881.6330953,1584504881.6331692,1584504881.63333,1584504881.6335235,1584504881.6335826
1584504881.675524,1584504881.6757371,1584504881.6759593,1584504881.6760268,1584504881.6764119,1584504881.6766152,1584504881.6766748,1584504881.6768346,1584504881.677028,1584504881.6770878
1584504881.71926,1584504881.7194796,1584504881.719708,1584504881.7197773,1584504881.719941,1584504881.7201476,1584504881.7202096,1584504881.7203696,1584504881.7205648,1584504881.7206318
1584504881.7625437,1584504881.7627645,1584504881.7629979,1584504881.7630677,1584504881.7632434,1584504881.7634406,1584504881.7635005,1584504881.76366,1584504881.7638535,1584504881.7639124
1584504881.8062482,1584504881.8064718,1584504881.8067005,1584504881.806769,1584504881.8069327,1584504881.8071392,1584504881.8072016,1584504881.807362,1584504881.8075564,1584504881.807615
1584504881.8495557,1584504881.8497744,1584504881.8500004,1584504881.8500683,1584504881.8502445,1584504881.8504426,1584504881.8505027,1584504881.8506615,1584504881.8508532,1584504881.8509123
1584504881.8927968,1584504881.8930132,1584504881.8932495,1584504881.8933175,1584504881.893482,1584504881.8936784,1584504881.8937385,1584504881.8938963,1584504881.894088,1584504881.8941572
1584504881.9361057,1584504881.936349,1584504881.9365788,1584504881.9366462,1584504881.9368105,1584504881.9370081,1584504881.9370682,1584504881.9372401,1584504881.9374363,1584504881.9374955
1584504881.9794564,1584504881.9796808,1584504881.9799078,1584504881.9799762,1584504881.9801521,1584504881.9803493,1584504881.980408,1584504881.9805667,1584504881.9807599,1584504881.9808185
1584504882.0228493,1584504882.0230699,1584504882.0233128,1584504882.0233836,1584504882.0235486,1584504882.0237463,1584504882.023807,1584504882.0239663,1584504882.0241723,1584504882.0242324
1584504882.0662925,1584504882.066504,1584504882.0667267,1584504882.066794,1584504882.0669577,1584504882.067166,1584504882.0672274,1584504882.0673864,1584504882.0675783,1584504882.0676377
1584504882.1098971,1584504882.1101406,1584504882.1103766,1584504882.1104476,1584504882.1106126,1584504882.1108084,1584504882.1108677,1584504882.111027,1584504882.1112323,1584504882.1112912
1584504882.1530108,1584504882.153232,1584504882.1534524,1584504882.1535192,1584504882.1536798,1584504882.1538742,1584504882.1539328,1584504882.154092,1584504882.1542945,1584504882.1543527
1584504882.1952932,1584504882.1955833,1584504882.1958272,1584504882.1958942,1584504882.1960654,1584504882.1962867,1584504882.196347,1584504882.196506,1584504882.1967008,1584504882.1967607
1584504882.2853012,1584504882.2858105,1584504882.2863324,1584504882.2864673,1584504882.2866805,1584504882.2873197,1584504882.287384,1584504882.2876053,1584504882.2878573,1584504882.2879262
1584504882.329455,1584504882.3296895,1584504882.3299267,1584504882.3299983,1584504882.3301764,1584504882.330373,1584504882.3304327,1584504882.3306031,1584504882.3307986,1584504882.3308582
1584504882.372744,1584504882.3729625,1584504882.3731983,1584504882.373266,1584504882.373431,1584504882.3736284,1584504882.3736885,1584504882.3738475,1584504882.3740385,1584504882.3740978
1584504882.4160933,1584504882.4165113,1584504882.4167352,1584504882.4168053,1584504882.4169698,1584504882.4172516,1584504882.4173212,1584504882.4174836,1584504882.417678,1584504882.4177372
1584504882.4600413,1584504882.4602816,1584504882.4605281,1584504882.4605982,1584504882.4607642,1584504882.4609585,1584504882.4610188,1584504882.4611912,1584504882.4613838,1584504882.461444
1584504882.503595,1584504882.503823,1584504882.5040557,1584504882.5041351,1584504882.504306,1584504882.504505,1584504882.5045648,1584504882.5047257,1584504882.50492,1584504882.5049794
1584504882.5470002,1584504882.5472374,1584504882.547466,1584504882.5475354,1584504882.5476992,1584504882.5478933,1584504882.547952,1584504882.5481112,1584504882.5483174,1584504882.5483768
1584504882.5911052,1584504882.5913432,1584504882.5915732,1584504882.591642,1584504882.5918083,1584504882.5920045,1584504882.5920632,1584504882.5922348,1584504882.5924282,1584504882.592488
1584504882.6345093,1584504882.634735,1584504882.6349654,1584504882.6350348,1584504882.635214,1584504882.6354096,1584504882.6354687,1584504882.635627,1584504882.6358209,1584504882.6358788
1584504882.6779566,1584504882.6781938,1584504882.6784241,1584504882.6784935,1584504882.6786578,1584504882.6788547,1584504882.6789143,1584504882.679075,1584504882.6792822,1584504882.6793416
1584504882.721316,1584504882.7215314,1584504882.721755,1584504882.721824,1584504882.7219872,1584504882.722194,1584504882.722254,1584504882.7224126,1584504882.7226036,1584504882.7226624
1584504882.764617,1584504882.7648256,1584504882.7650461,1584504882.7651134,1584504882.7652924,1584504882.7654886,1584504882.7655478,1584504882.7657068,1584504882.7658994,1584504882.7659595
1584504882.8080096,1584504882.8082445,1584504882.8084843,1584504882.8085523,1584504882.8087165,1584504882.8089113,1584504882.808971,1584504882.8091388,1584504882.8093338,1584504882.8093925
1584504882.8514152,1584504882.8516335,1584504882.8518627,1584504882.851932,1584504882.8520963,1584504882.8523068,1584504882.8523674,1584504882.8525267,1584504882.8527186,1584504882.8527777
1584504882.8947616,1584504882.8949826,1584504882.8952258,1584504882.8952947,1584504882.8954608,1584504882.8956566,1584504882.8957145,1584504882.8958752,1584504882.8960686,1584504882.8961475
1584504882.938153,1584504882.9383717,1584504882.938597,1584504882.9386673,1584504882.9388325,1584504882.939029,1584504882.9390879,1584504882.9392583,1584504882.9394548,1584504882.9395149
1584504882.9816484,1584504882.9818723,1584504882.9821033,1584504882.9821832,1584504882.982348,1584504882.9825437,1584504882.9826026,1584504882.9827614,1584504882.9829545,1584504882.9830139
1584504883.024975,1584504883.0252037,1584504883.025429,1584504883.0254974,1584504883.0256608,1584504883.0258567,1584504883.0259168,1584504883.0260773,1584504883.0262847,1584504883.026345
1584504883.0683596,1584504883.068578,1584504883.0688045,1584504883.0688722,1584504883.0690377,1584504883.0692453,1584504883.0693054,1584504883.0694652,1584504883.0696595,1584504883.0697174
1584504883.1116836,1584504883.111899,1584504883.1121225,1584504883.1122024,1584504883.112367,1584504883.112563,1584504883.1126223,1584504883.1127815,1584504883.1129725,1584504883.1130314
1584504883.1549034,1584504883.1551192,1584504883.1553533,1584504883.1554193,1584504883.1555822,1584504883.1557763,1584504883.1558352,1584504883.1559935,1584504883.1563988,1584504883.1564603
1584504883.1986551,1584504883.1988885,1584504883.1991227,1584504883.1992056,1584504883.1993742,1584504883.1995707,1584504883.1996295,1584504883.199789,1584504883.1999826,1584504883.2000422
1584504883.242086,1584504883.242319,1584504883.242548,1584504883.2426157,1584504883.2427795,1584504883.2429755,1584504883.243034,1584504883.2432067,1584504883.243401,1584504883.2434602
1584504883.2856727,1584504883.2859,1584504883.2861447,1584504883.2862175,1584504883.286423,1584504883.2867107,1584504883.2867718,1584504883.2869315,1584504883.2872016,1584504883.287262
1584504883.3289857,1584504883.3292208,1584504883.329446,1584504883.3295138,1584504883.3296778,1584504883.3298724,1584504883.3299317,1584504883.3300912,1584504883.3302987,1584504883.3303587
1584504883.3724086,1584504883.3726306,1584504883.3728588,1584504883.3729289,1584504883.3730934,1584504883.3733034,1584504883.3733635,1584504883.3735235,1584504883.3737154,1584504883.3737748
1584504883.4162579,1584504883.4164848,1584504883.4167125,1584504883.416781,1584504883.416945,1584504883.4171536,1584504883.4172156,1584504883.4173753,1584504883.417658,1584504883.4177184
1584504883.4595616,1584504883.4597821,1584504883.460008,1584504883.4600775,1584504883.460255,1584504883.4604528,1584504883.4605122,1584504883.4606714,1584504883.4608636,1584504883.4609227
1584504883.5029278,1584504883.5031545,1584504883.503381,1584504883.5034475,1584504883.50361,1584504883.5038037,1584504883.5038626,1584504883.5040202,1584504883.5042248,1584504883.5042844
1584504883.5463655,1584504883.5465755,1584504883.5467968,1584504883.5468655,1584504883.54703,1584504883.5472383,1584504883.5472977,1584504883.5474575,1584504883.5476513,1584504883.5477107
1584504883.5897856,1584504883.5900097,1584504883.5902517,1584504883.5903203,1584504883.5904844,1584504883.5906804,1584504883.5907395,1584504883.5908988,1584504883.591092,1584504883.5911639
1584504883.6333973,1584504883.6336257,1584504883.6338582,1584504883.6339283,1584504883.6340926,1584504883.6343017,1584504883.6343622,1584504883.6345227,1584504883.6347153,1584504883.634775
1584504883.6768024,1584504883.6770325,1584504883.6772742,1584504883.6773431,1584504883.6775076,1584504883.6777024,1584504883.6777613,1584504883.67792,1584504883.6781147,1584504883.6781876
1584504883.7202027,1584504883.7204332,1584504883.7206624,1584504883.7207317,1584504883.7208972,1584504883.721094,1584504883.7211668,1584504883.721329,1584504883.7215233,1584504883.721583
1584504883.7635722,1584504883.7638,1584504883.7640293,1584504883.7640984,1584504883.7642748,1584504883.7644694,1584504883.7645297,1584504883.7646892,1584504883.7648838,1584504883.7649436
1584504883.8070164,1584504883.807261,1584504883.8074942,1584504883.807565,1584504883.8077278,1584504883.8079917,1584504883.8080525,1584504883.8082268,1584504883.8084238,1584504883.8084834
1584504883.8503935,1584504883.8506072,1584504883.8508277,1584504883.8508937,1584504883.851058,1584504883.8512642,1584504883.8513238,1584504883.8514843,1584504883.8516777,1584504883.851737
1584504883.8936775,1584504883.893898,1584504883.894119,1584504883.8941994,1584504883.8943622,1584504883.8945558,1584504883.8946154,1584504883.8947737,1584504883.8949645,1584504883.895025
1584504883.9372246,1584504883.937459,1584504883.9376895,1584504883.9377575,1584504883.9379213,1584504883.9381173,1584504883.938189,1584504883.9383512,1584504883.9385438,1584504883.9386015
1584504883.9794524,1584504883.979675,1584504883.9799109,1584504883.979978,1584504883.9801598,1584504883.9803557,1584504883.9804146,1584504883.9805737,1584504883.9807665,1584504883.9808266
1584504884.0770304,1584504884.0778105,1584504884.0785153,1584504884.0786984,1584504884.0789998,1584504884.079374,1584504884.0794606,1584504884.0797703,1584504884.0801086,1584504884.0802217
1584504884.122836,1584504884.1231499,1584504884.1235332,1584504884.1236227,1584504884.123833,1584504884.1240819,1584504884.1241715,1584504884.124379,1584504884.1246245,1584504884.1246998
1584504884.1667676,1584504884.1670148,1584504884.1672847,1584504884.167363,1584504884.1675494,1584504884.167773,1584504884.1678398,1584504884.168022,1584504884.168256,1584504884.1683238
1584504884.2104661,1584504884.2106917,1584504884.2109249,1584504884.2109962,1584504884.2111824,1584504884.2113893,1584504884.2114513,1584504884.2116177,1584504884.2118177,1584504884.2118795
1584504884.25384,1584504884.2540493,1584504884.254457,1584504884.2545254,1584504884.2546911,1584504884.2548862,1584504884.2549455,1584504884.2553282,1584504884.2555246,1584504884.2555847
1584504884.297655,1584504884.297884,1584504884.2981102,1584504884.2981913,1584504884.2983577,1584504884.2985532,1584504884.2986567,1584504884.2988608,1584504884.2990572,1584504884.2991161
1584504884.3410635,1584504884.3412998,1584504884.3415303,1584504884.3415997,1584504884.3417642,1584504884.3419583,1584504884.342018,1584504884.34219,1584504884.3423839,1584504884.3424425
1584504884.3846087,1584504884.3848271,1584504884.3850539,1584504884.3851228,1584504884.385302,1584504884.3854988,1584504884.3855593,1584504884.3857183,1584504884.3859115,1584504884.3859713
1584504884.4282632,1584504884.42849,1584504884.4287202,1584504884.428788,1584504884.4289522,1584504884.4291592,1584504884.4292202,1584504884.4293814,1584504884.4295735,1584504884.4296327
1584504884.4716206,1584504884.4718416,1584504884.472069,1584504884.4721496,1584504884.4723163,1584504884.4725108,1584504884.4725704,1584504884.4727306,1584504884.4729228,1584504884.4729826
1584504884.514888,1584504884.5151067,1584504884.5153458,1584504884.5154157,1584504884.5155778,1584504884.515772,1584504884.5158312,1584504884.5159905,1584504884.516208,1584504884.5162692
1584504884.55836,1584504884.5585885,1584504884.5588207,1584504884.558892,1584504884.5590568,1584504884.5592654,1584504884.5593257,1584504884.5594854,1584504884.5596771,1584504884.5597367
1584504884.6017156,1584504884.601924,1584504884.6021569,1584504884.6022239,1584504884.6023872,1584504884.602582,1584504884.6026409,1584504884.6027992,1584504884.6029909,1584504884.6030502
1584504884.645086,1584504884.6454897,1584504884.6457145,1584504884.6457808,1584504884.6459444,1584504884.646152,1584504884.6462128,1584504884.6463726,1584504884.646565,1584504884.6466243
1584504884.6885722,1584504884.6888049,1584504884.6890428,1584504884.6891134,1584504884.6892982,1584504884.6895041,1584504884.689568,1584504884.6897328,1584504884.6899354,1584504884.6899981
1584504884.7320507,1584504884.7322807,1584504884.7325141,1584504884.7325823,1584504884.7327483,1584504884.7329454,1584504884.7330053,1584504884.733176,1584504884.7333703,1584504884.73343
1584504884.7755983,1584504884.7758172,1584504884.7760456,1584504884.7761142,1584504884.7763019,1584504884.7765002,1584504884.7765615,1584504884.7767215,1584504884.7769134,1584504884.7769728
1584504884.8188465,1584504884.8190606,1584504884.8193014,1584504884.81937,1584504884.819534,1584504884.8197298,1584504884.8197901,1584504884.8199472,1584504884.8201518,1584504884.8202145
1584504884.8622234,1584504884.8624463,1584504884.8626754,1584504884.8627443,1584504884.8629074,1584504884.8631032,1584504884.8631763,1584504884.863337,1584504884.863531,1584504884.8635914
1584504884.9055114,1584504884.9057271,1584504884.9059525,1584504884.9060214,1584504884.9061997,1584504884.9063973,1584504884.9064574,1584504884.906619,1584504884.9068131,1584504884.9068723
1584504884.948845,1584504884.9490643,1584504884.9493048,1584504884.9493737,1584504884.949537,1584504884.949732,1584504884.949792,1584504884.9499514,1584504884.9501562,1584504884.9502182
1584504884.9921,1584504884.9923186,1584504884.9925365,1584504884.992604,1584504884.992766,1584504884.99296,1584504884.99302,1584504884.9931922,1584504884.993384,1584504884.9934428
1584504885.0354447,1584504885.035654,1584504885.0358737,1584504885.0359418,1584504885.0361059,1584504885.0363758,1584504885.0364356,1584504885.0365965,1584504885.036789,1584504885.036848
1584504885.0791984,1584504885.0794253,1584504885.0796545,1584504885.079724,1584504885.0798886,1584504885.080085,1584504885.0801573,1584504885.0803194,1584504885.0805135,1584504885.0805745
1584504885.1227005,1584504885.1229174,1584504885.1231518,1584504885.1232219,1584504885.123386,1584504885.1235814,1584504885.1236403,1584504885.1237993,1584504885.1239927,1584504885.124053
1584504885.1659281,1584504885.166162,1584504885.1663892,1584504885.1664584,1584504885.166624,1584504885.1668208,1584504885.16688,1584504885.1670392,1584504885.1672463,1584504885.1673064
1584504885.2091494,1584504885.209368,1584504885.2095912,1584504885.2096589,1584504885.209826,1584504885.210026,1584504885.2100863,1584504885.2102633,1584504885.2104611,1584504885.2105234
1584504885.2525845,1584504885.252815,1584504885.2530448,1584504885.2531137,1584504885.2532907,1584504885.2534869,1584504885.2535462,1584504885.2537048,1584504885.253897,1584504885.2539566
1584504885.295705,1584504885.2958996,1584504885.296108,1584504885.2963912,1584504885.2965581,1584504885.2967544,1584504885.296814,1584504885.2969735,1584504885.2971778,1584504885.297238
1584504885.3387856,1584504885.3389828,1584504885.3392062,1584504885.3392708,1584504885.3394341,1584504885.3396277,1584504885.3396873,1584504885.339845,1584504885.340035,1584504885.3400936
1584504885.3822813,1584504885.382474,1584504885.3826818,1584504885.3827474,1584504885.3829093,1584504885.383103,1584504885.3831756,1584504885.3833365,1584504885.3835278,1584504885.3835874
1584504885.4254315,1584504885.425627,1584504885.4258356,1584504885.4259005,1584504885.4260638,1584504885.4262722,1584504885.4263332,1584504885.426491,1584504885.4266841,1584504885.426744
1584504885.4685588,1584504885.4687555,1584504885.4689636,1584504885.469029,1584504885.4692035,1584504885.469398,1584504885.4694576,1584504885.4696155,1584504885.4698057,1584504885.4698658
1584504885.5116603,1584504885.5118556,1584504885.512066,1584504885.5121427,1584504885.5123098,1584504885.512505,1584504885.5125647,1584504885.5127225,1584504885.5129144,1584504885.5129738
1584504885.5547233,1584504885.554918,1584504885.5551398,1584504885.555208,1584504885.5553715,1584504885.555565,1584504885.5556247,1584504885.555782,1584504885.556003,1584504885.5560644
1584504885.5977564,1584504885.5979528,1584504885.5981765,1584504885.5982435,1584504885.5984087,1584504885.598603,1584504885.5986621,1584504885.5988207,1584504885.5990133,1584504885.5990727
1584504885.6408591,1584504885.6410558,1584504885.641279,1584504885.641344,1584504885.641507,1584504885.6417,1584504885.6417603,1584504885.6419172,1584504885.6421082,1584504885.642181
1584504885.683997,1584504885.6842046,1584504885.684416,1584504885.6844819,1584504885.6846423,1584504885.6848364,1584504885.6848967,1584504885.6850526,1584504885.6852558,1584504885.6853154
1584504885.7268646,1584504885.7270606,1584504885.7272837,1584504885.7273493,1584504885.7275095,1584504885.727702,1584504885.7277615,1584504885.7279189,1584504885.7281084,1584504885.7281816
1584504885.7691004,1584504885.7693272,1584504885.769563,1584504885.7696295,1584504885.769797,1584504885.7699933,1584504885.7700527,1584504885.7702205,1584504885.7704148,1584504885.770475
1584504885.8593695,1584504885.859877,1584504885.860384,1584504885.8605163,1584504885.8607235,1584504885.8609874,1584504885.8610485,1584504885.8612695,1584504885.8615108,1584504885.8615792
1584504885.9036489,1584504885.9038835,1584504885.9041157,1584504885.9042015,1584504885.9043677,1584504885.904564,1584504885.9046245,1584504885.9047844,1584504885.9049773,1584504885.905038
1584504885.9470468,1584504885.9472873,1584504885.9475143,1584504885.9475827,1584504885.947748,1584504885.947944,1584504885.948003,1584504885.9481752,1584504885.9483695,1584504885.948429
1584504885.990416,1584504885.990637,1584504885.9908652,1584504885.9909348,1584504885.9910994,1584504885.9913118,1584504885.9913719,1584504885.9915323,1584504885.991726,1584504885.991784
1584504886.0339615,1584504886.0341926,1584504886.0344198,1584504886.0344892,1584504886.034653,1584504886.0348482,1584504886.034907,1584504886.0350664,1584504886.0352733,1584504886.0353327
1584504886.077322,1584504886.0775356,1584504886.0777612,1584504886.0778296,1584504886.0779934,1584504886.0782037,1584504886.0782645,1584504886.0784254,1584504886.07862,1584504886.078679
1584504886.1206315,1584504886.1208353,1584504886.1210566,1584504886.1211224,1584504886.1213021,1584504886.1214986,1584504886.1215591,1584504886.1217182,1584504886.1219127,1584504886.1219728
1584504886.1640258,1584504886.1642547,1584504886.164479,1584504886.1645522,1584504886.1647177,1584504886.1649134,1584504886.1649723,1584504886.16514,1584504886.1653368,1584504886.165396
1584504886.2087085,1584504886.2090287,1584504886.2093596,1584504886.2094529,1584504886.2096753,1584504886.2099392,1584504886.2100182,1584504886.2102482,1584504886.2105122,1584504886.210593
1584504886.2527132,1584504886.2529514,1584504886.253221,1584504886.2533002,1584504886.253495,1584504886.2537296,1584504886.2537997,1584504886.2539895,1584504886.254233,1584504886.2543044
1584504886.2963426,1584504886.296568,1584504886.2967894,1584504886.296858,1584504886.2970288,1584504886.2972472,1584504886.2973115,1584504886.2974777,1584504886.29768,1584504886.2977426
1584504886.3396878,1584504886.3398864,1584504886.340097,1584504886.3401737,1584504886.340339,1584504886.3405344,1584504886.340596,1584504886.340755,1584504886.3409488,1584504886.341009
1584504886.3830454,1584504886.3832555,1584504886.3834684,1584504886.3835335,1584504886.3836966,1584504886.3838913,1584504886.383951,1584504886.384108,1584504886.3843153,1584504886.3843756
1584504886.426171,1584504886.426369,1584504886.4265778,1584504886.426643,1584504886.4268055,1584504886.4270017,1584504886.427062,1584504886.4272346,1584504886.4274275,1584504886.4274883
1584504886.4692776,1584504886.469473,1584504886.4696808,1584504886.469746,1584504886.4699078,1584504886.4701014,1584504886.4701743,1584504886.4703333,1584504886.4705284,1584504886.4705884
1584504886.512315,1584504886.5125115,1584504886.5127218,1584504886.5127873,1584504886.5129495,1584504886.5131576,1584504886.5132198,1584504886.5133796,1584504886.5135725,1584504886.5136328
1584504886.5553896,1584504886.5555854,1584504886.5557964,1584504886.5558617,1584504886.5560248,1584504886.5562425,1584504886.5563045,1584504886.5564628,1584504886.5566585,1584504886.5567176
1584504886.5984716,1584504886.5986679,1584504886.5988796,1584504886.598946,1584504886.5991094,1584504886.5993176,1584504886.599378,1584504886.5995355,1584504886.5997272,1584504886.5997863
1584504886.6415937,1584504886.6417875,1584504886.641995,1584504886.6420598,1584504886.6422338,1584504886.6424282,1584504886.6424873,1584504886.6426454,1584504886.6428385,1584504886.6428974
1584504886.6846294,1584504886.6848257,1584504886.685035,1584504886.6851006,1584504886.6852756,1584504886.68547,1584504886.6855304,1584504886.6856887,1584504886.6858811,1584504886.6859407
1584504886.7279012,1584504886.7281168,1584504886.7283528,1584504886.7284214,1584504886.7285843,1584504886.7287796,1584504886.7288406,1584504886.7289994,1584504886.7292063,1584504886.7292674
1584504886.771286,1584504886.7715046,1584504886.7717307,1584504886.7717998,1584504886.7719653,1584504886.7721736,1584504886.7722342,1584504886.7723937,1584504886.772587,1584504886.7726476
1584504886.8146286,1584504886.8148472,1584504886.8150752,1584504886.8151565,1584504886.815324,1584504886.8155212,1584504886.8155804,1584504886.8157396,1584504886.8159342,1584504886.8159928
1584504886.857931,1584504886.8581555,1584504886.8583803,1584504886.8584497,1584504886.8586144,1584504886.8588111,1584504886.8588712,1584504886.859031,1584504886.8592367,1584504886.859297
1584504886.9012449,1584504886.9014523,1584504886.9016733,1584504886.90174,1584504886.9019043,1584504886.9021,1584504886.902173,1584504886.9023328,1584504886.9025266,1584504886.9025872
1584504886.9446208,1584504886.944842,1584504886.9450696,1584504886.9451513,1584504886.945318,1584504886.9455173,1584504886.945578,1584504886.945738,1584504886.9459326,1584504886.9459937
1584504886.9879255,1584504886.988153,1584504886.9883795,1584504886.9884481,1584504886.988611,1584504886.9888074,1584504886.988867,1584504886.9890256,1584504886.9892318,1584504886.9892921
1584504887.031279,1584504887.0314977,1584504887.0317268,1584504887.0317955,1584504887.0319614,1584504887.032172,1584504887.0322335,1584504887.0323937,1584504887.032589,1584504887.0326493
1584504887.0745685,1584504887.0747836,1584504887.075009,1584504887.0750775,1584504887.0752552,1584504887.075452,1584504887.0755124,1584504887.0756724,1584504887.075865,1584504887.0759246
1584504887.1179316,1584504887.1181772,1584504887.1184087,1584504887.118478,1584504887.1186447,1584504887.1188412,1584504887.1189015,1584504887.119063,1584504887.1192703,1584504887.11933
1584504887.161348,1584504887.1615677,1584504887.161796,1584504887.161864,1584504887.1620286,1584504887.1622362,1584504887.162298,1584504887.1624577,1584504887.162651,1584504887.1627107
1584504887.2046533,1584504887.2048738,1584504887.2051017,1584504887.2051837,1584504887.2053497,1584504887.205547,1584504887.205608,1584504887.2057695,1584504887.2059636,1584504887.206024
1584504887.2480693,1584504887.2482798,1584504887.2484896,1584504887.2485547,1584504887.2487152,1584504887.248911,1584504887.248972,1584504887.2491403,1584504887.2493384,1584504887.249399
1584504887.2913225,1584504887.29152,1584504887.2917292,1584504887.2917953,1584504887.2919614,1584504887.2921698,1584504887.2922323,1584504887.2923906,1584504887.2925844,1584504887.292645
1584504887.3344142,1584504887.3346117,1584504887.3348227,1584504887.3348877,1584504887.3350499,1584504887.335259,1584504887.33532,1584504887.3354776,1584504887.3356705,1584504887.3357313
1584504887.3774927,1584504887.3776886,1584504887.3779018,1584504887.377968,1584504887.3781416,1584504887.3783429,1584504887.3784049,1584504887.3785634,1584504887.3787558,1584504887.3788166
1584504887.4205203,1584504887.4207168,1584504887.4209278,1584504887.4209929,1584504887.4211652,1584504887.421362,1584504887.4214232,1584504887.4215806,1584504887.421775,1584504887.4218354
1584504887.463575,1584504887.4637706,1584504887.4639802,1584504887.4640455,1584504887.4642205,1584504887.4644163,1584504887.464476,1584504887.4646337,1584504887.4648263,1584504887.4648857
1584504887.5066733,1584504887.5068674,1584504887.507077,1584504887.507152,1584504887.507316,1584504887.50751,1584504887.5075693,1584504887.5077267,1584504887.507919,1584504887.5079787
1584504887.5486712,1584504887.548881,1584504887.549109,1584504887.5491858,1584504887.5493507,1584504887.5495477,1584504887.5496073,1584504887.5497642,1584504887.5499558,1584504887.5500152
1584504887.639032,1584504887.6395361,1584504887.6400282,1584504887.6401696,1584504887.640381,1584504887.6406326,1584504887.6406934,1584504887.6409092,1584504887.6411572,1584504887.6412315
1584504887.683094,1584504887.6833155,1584504887.6835325,1584504887.683599,1584504887.6837628,1584504887.6840003,1584504887.68406,1584504887.6842291,1584504887.6844234,1584504887.6844838
1584504887.7264645,1584504887.7266903,1584504887.7269206,1584504887.7269902,1584504887.7271678,1584504887.7273648,1584504887.7274249,1584504887.7275846,1584504887.7277796,1584504887.72784
1584504887.7698715,1584504887.7700903,1584504887.7703311,1584504887.770399,1584504887.7705734,1584504887.7707727,1584504887.7708328,1584504887.7709923,1584504887.7711985,1584504887.7712586
1584504887.8132522,1584504887.8134694,1584504887.8136947,1584504887.8137634,1584504887.8139272,1584504887.8141334,1584504887.8141973,1584504887.8143578,1584504887.814551,1584504887.814611
1584504887.856638,1584504887.856859,1584504887.857087,1584504887.857169,1584504887.857335,1584504887.8575327,1584504887.857593,1584504887.8577528,1584504887.8579478,1584504887.8580086
1584504887.9000304,1584504887.9002597,1584504887.9004855,1584504887.9005527,1584504887.9007163,1584504887.9009123,1584504887.9009714,1584504887.9011424,1584504887.9013374,1584504887.901397
1584504887.9436321,1584504887.9438562,1584504887.9440854,1584504887.9441662,1584504887.944333,1584504887.944531,1584504887.9445918,1584504887.9447522,1584504887.9449458,1584504887.9450057
1584504887.9868655,1584504887.9870775,1584504887.9873164,1584504887.9873843,1584504887.9875488,1584504887.9877448,1584504887.9878044,1584504887.9879637,1584504887.9881718,1584504887.9882321
1584504888.0303001,1584504888.0305111,1584504888.030735,1584504888.0308027,1584504888.030969,1584504888.0311787,1584504888.0312397,1584504888.0313993,1584504888.0315924,1584504888.0316527
1584504888.0735455,1584504888.0737667,1584504888.073993,1584504888.0740614,1584504888.0742362,1584504888.0744328,1584504888.0744925,1584504888.0746527,1584504888.0748458,1584504888.074906
1584504888.1169467,1584504888.1171749,1584504888.1173985,1584504888.1174664,1584504888.11763,1584504888.1178272,1584504888.1178863,1584504888.1180446,1584504888.1182516,1584504888.118312
1584504888.1603332,1584504888.160559,1584504888.1607895,1584504888.1608589,1584504888.1610243,1584504888.1612327,1584504888.1612928,1584504888.1614525,1584504888.1616461,1584504888.1617057
1584504888.2039735,1584504888.2041934,1584504888.2044144,1584504888.204481,1584504888.2046442,1584504888.2048402,1584504888.2049,1584504888.2050588,1584504888.2052631,1584504888.2053218
1584504888.2472305,1584504888.2474253,1584504888.2476377,1584504888.2477028,1584504888.2478652,1584504888.24806,1584504888.2481198,1584504888.248291,1584504888.2484846,1584504888.2485437
1584504888.2903264,1584504888.2905223,1584504888.290733,1584504888.290799,1584504888.2909608,1584504888.2911677,1584504888.2912297,1584504888.2913876,1584504888.2915804,1584504888.2916408
1584504888.33352,1584504888.333719,1584504888.3339314,1584504888.333997,1584504888.3341749,1584504888.3343737,1584504888.3344347,1584504888.3345978,1584504888.334795,1584504888.3348565
1584504888.3765686,1584504888.3767633,1584504888.3769715,1584504888.3770373,1584504888.377217,1584504888.3774133,1584504888.3774722,1584504888.377632,1584504888.377824,1584504888.377883
1584504888.4198391,1584504888.4200344,1584504888.4202595,1584504888.4203246,1584504888.4204874,1584504888.4206815,1584504888.4207408,1584504888.4208982,1584504888.4210904,1584504888.4211621
1584504888.4628909,1584504888.463088,1584504888.4633126,1584504888.4633794,1584504888.463544,1584504888.4637403,1584504888.4638,1584504888.4639595,1584504888.4641654,1584504888.464227
1584504888.50627,1584504888.5064647,1584504888.5066762,1584504888.5067406,1584504888.5069015,1584504888.5070949,1584504888.5071673,1584504888.5073278,1584504888.5075204,1584504888.507581
1584504888.5493326,1584504888.5495281,1584504888.5497386,1584504888.5498047,1584504888.5499685,1584504888.5501769,1584504888.5502374,1584504888.5503955,1584504888.550587,1584504888.5506468
1584504888.5924022,1584504888.5925972,1584504888.5928087,1584504888.5928748,1584504888.593038,1584504888.5932453,1584504888.5933044,1584504888.5934622,1584504888.5936542,1584504888.593713
1584504888.6354587,1584504888.6356542,1584504888.635864,1584504888.6359293,1584504888.6360934,1584504888.6363158,1584504888.6363769,1584504888.6365347,1584504888.6367283,1584504888.6367888
1584504888.6785278,1584504888.6787271,1584504888.6789412,1584504888.6790068,1584504888.679181,1584504888.6793764,1584504888.6794362,1584504888.6795955,1584504888.679788,1584504888.6798482
1584504888.721798,1584504888.7220097,1584504888.7224576,1584504888.7225273,1584504888.7226925,1584504888.7228897,1584504888.7229493,1584504888.7231078,1584504888.7233133,1584504888.7233732
1584504888.765055,1584504888.7652814,1584504888.7655046,1584504888.7655716,1584504888.765735,1584504888.7659314,1584504888.765992,1584504888.7661633,1584504888.7663562,1584504888.7664156
1584504888.8084044,1584504888.8086274,1584504888.8088572,1584504888.808926,1584504888.8090923,1584504888.8093033,1584504888.809363,1584504888.8095217,1584504888.8097157,1584504888.8097749
1584504888.8517668,1584504888.8519824,1584504888.8522189,1584504888.8522873,1584504888.8524523,1584504888.8526485,1584504888.852708,1584504888.8528657,1584504888.853059,1584504888.8531184
1584504888.8950553,1584504888.895291,1584504888.8955226,1584504888.8955913,1584504888.895756,1584504888.8959532,1584504888.8960128,1584504888.8964224,1584504888.8966255,1584504888.8966863
1584504888.9385037,1584504888.9387202,1584504888.9389443,1584504888.9390118,1584504888.9391875,1584504888.9393852,1584504888.9394448,1584504888.9396043,1584504888.939797,1584504888.9398563
1584504888.9818127,1584504888.982032,1584504888.982272,1584504888.9823408,1584504888.9825065,1584504888.9827054,1584504888.9827652,1584504888.9829237,1584504888.9831173,1584504888.9831917
1584504889.025182,1584504889.0254004,1584504889.0256279,1584504889.0256958,1584504889.0258594,1584504889.0260565,1584504889.0261161,1584504889.0262873,1584504889.026482,1584504889.0265408
1584504889.0684948,1584504889.068704,1584504889.068924,1584504889.0689917,1584504889.0691671,1584504889.0693655,1584504889.0694268,1584504889.0695872,1584504889.0697813,1584504889.069841
1584504889.112178,1584504889.11239,1584504889.112615,1584504889.112684,1584504889.1128473,1584504889.1130426,1584504889.1131027,1584504889.1132736,1584504889.1134686,1584504889.1135285
1584504889.1554918,1584504889.1557145,1584504889.1559415,1584504889.1560102,1584504889.1561985,1584504889.156397,1584504889.1564565,1584504889.1566172,1584504889.1568089,1584504889.1568694
1584504889.1998959,1584504889.200192,1584504889.2004852,1584504889.2005734,1584504889.2007902,1584504889.2010477,1584504889.2011364,1584504889.2015407,1584504889.2017999,1584504889.2018769
1584504889.2435932,1584504889.2438262,1584504889.2440746,1584504889.244164,1584504889.2443562,1584504889.2445838,1584504889.2446525,1584504889.2448392,1584504889.2450657,1584504889.2451463
1584504889.2866192,1584504889.2868268,1584504889.28705,1584504889.2871187,1584504889.2873046,1584504889.28751,1584504889.2875717,1584504889.2877388,1584504889.2879417,1584504889.2880042
1584504889.3284843,1584504889.3286903,1584504889.3289106,1584504889.328973,1584504889.329142,1584504889.3293357,1584504889.3293934,1584504889.3295467,1584504889.329733,1584504889.32979
1584504889.4183912,1584504889.4188902,1584504889.4193852,1584504889.4195209,1584504889.419722,1584504889.4199705,1584504889.4200287,1584504889.4202542,1584504889.4204848,1584504889.4205542
1584504889.4622822,1584504889.4624848,1584504889.4626985,1584504889.4627638,1584504889.462925,1584504889.463117,1584504889.4631875,1584504889.4633434,1584504889.4635322,1584504889.4635904
1584504889.505899,1584504889.5060914,1584504889.5063107,1584504889.5063746,1584504889.5065331,1584504889.5067225,1584504889.5067804,1584504889.5069337,1584504889.507123,1584504889.507193
1584504889.5489402,1584504889.5491457,1584504889.5493553,1584504889.5494199,1584504889.5495784,1584504889.5497696,1584504889.5498283,1584504889.5499814,1584504889.5501807,1584504889.5502396
1584504889.592003,1584504889.5922043,1584504889.5924084,1584504889.592472,1584504889.5926287,1584504889.592816,1584504889.592874,1584504889.5930376,1584504889.593237,1584504889.5932946
1584504889.635065,1584504889.63527,1584504889.635477,1584504889.635541,1584504889.6356995,1584504889.6358905,1584504889.6359477,1584504889.6361003,1584504889.636526,1584504889.6365843
1584504889.6781583,1584504889.6783519,1584504889.6785572,1584504889.6786206,1584504889.6787775,1584504889.678967,1584504889.6790233,1584504889.6791883,1584504889.6793764,1584504889.6794338
1584504889.721264,1584504889.7214663,1584504889.7216861,1584504889.7217512,1584504889.7219121,1584504889.7221014,1584504889.7221725,1584504889.722328,1584504889.7225146,1584504889.7225723
1584504889.7643209,1584504889.7645116,1584504889.7647154,1584504889.7647793,1584504889.764936,1584504889.765123,1584504889.765192,1584504889.7653458,1584504889.765531,1584504889.765588
1584504889.8073637,1584504889.8075576,1584504889.807764,1584504889.807828,1584504889.8079872,1584504889.808189,1584504889.8082469,1584504889.8084018,1584504889.8085885,1584504889.8086462
1584504889.8503842,1584504889.850573,1584504889.8507743,1584504889.8508368,1584504889.8509934,1584504889.8511944,1584504889.851253,1584504889.8514059,1584504889.851591,1584504889.8516486
1584504889.8933575,1584504889.8935478,1584504889.8937519,1584504889.8938143,1584504889.8939724,1584504889.8941736,1584504889.8942327,1584504889.894387,1584504889.894573,1584504889.8946304
1584504889.9365706,1584504889.9367657,1584504889.9369729,1584504889.937036,1584504889.9372058,1584504889.9373991,1584504889.9374566,1584504889.9376097,1584504889.9377966,1584504889.9378538
1584504889.9796088,1584504889.9797995,1584504889.9800048,1584504889.9800687,1584504889.9802399,1584504889.980431,1584504889.980489,1584504889.9806435,1584504889.9808273,1584504889.9808846
1584504890.0226803,1584504890.0228746,1584504890.023079,1584504890.0231526,1584504890.023312,1584504890.0235007,1584504890.023559,1584504890.0237138,1584504890.0238988,1584504890.023956
1584504890.0657332,1584504890.0659225,1584504890.0661345,1584504890.0662007,1584504890.066359,1584504890.0665457,1584504890.0666027,1584504890.0667558,1584504890.0669398,1584504890.066997
1584504890.1087956,1584504890.108989,1584504890.1092074,1584504890.1092703,1584504890.1094294,1584504890.1096194,1584504890.1096778,1584504890.1098309,1584504890.1100163,1584504890.110073
1584504890.1518466,1584504890.1520422,1584504890.1522627,1584504890.1523266,1584504890.1524863,1584504890.152677,1584504890.1527345,1584504890.1528878,1584504890.1530728,1584504890.153141
1584504890.1949346,1584504890.1951332,1584504890.1953397,1584504890.1954021,1584504890.1955607,1584504890.1957488,1584504890.1958065,1584504890.1959605,1584504890.1963856,1584504890.196449
1584504890.2381558,1584504890.238345,1584504890.2385464,1584504890.2386096,1584504890.2387671,1584504890.2389543,1584504890.2390118,1584504890.2391782,1584504890.239364,1584504890.2394211
1584504890.2814598,1584504890.281655,1584504890.2818613,1584504890.2819254,1584504890.282082,1584504890.2822843,1584504890.2823424,1584504890.2824962,1584504890.2826838,1584504890.282742
1584504890.3244784,1584504890.3246694,1584504890.3248723,1584504890.3249354,1584504890.3250947,1584504890.325296,1584504890.325354,1584504890.3255084,1584504890.3256948,1584504890.3257523
1584504890.3674934,1584504890.3676853,1584504890.3678892,1584504890.3679523,1584504890.368108,1584504890.3683097,1584504890.3683681,1584504890.3685217,1584504890.3687077,1584504890.3687656
1584504890.4106014,1584504890.4107976,1584504890.4110038,1584504890.4110684,1584504890.4112399,1584504890.4114318,1584504890.4114897,1584504890.4116457,1584504890.4118311,1584504890.4118884
1584504890.4537537,1584504890.4539452,1584504890.4541595,1584504890.4542248,1584504890.4543827,1584504890.4545715,1584504890.4546297,1584504890.4547837,1584504890.4549696,1584504890.4550264
1584504890.4967532,1584504890.4969435,1584504890.4971576,1584504890.4972231,1584504890.4973812,1584504890.497571,1584504890.497629,1584504890.4977825,1584504890.4979672,1584504890.4980257
1584504890.53987,1584504890.5400598,1584504890.540275,1584504890.5403388,1584504890.5404956,1584504890.540684,1584504890.540742,1584504890.540895,1584504890.5410821,1584504890.5411541
1584504890.5829332,1584504890.583133,1584504890.58334,1584504890.5834033,1584504890.5835612,1584504890.5837495,1584504890.5838068,1584504890.5839603,1584504890.5841603,1584504890.5842195
1584504890.6261566,1584504890.6263604,1584504890.6265726,1584504890.6266367,1584504890.6267958,1584504890.6269836,1584504890.6270418,1584504890.6272092,1584504890.6273963,1584504890.6274545
1584504890.6692529,1584504890.669444,1584504890.6696475,1584504890.6697097,1584504890.6698685,1584504890.6700585,1584504890.670117,1584504890.6702847,1584504890.670472,1584504890.6705296
1584504890.712313,1584504890.7125049,1584504890.7127082,1584504890.7127702,1584504890.7129285,1584504890.7131171,1584504890.7131877,1584504890.7133422,1584504890.7135274,1584504890.7135851
1584504890.7556152,1584504890.7558084,1584504890.7560132,1584504890.7560768,1584504890.7562585,1584504890.7564511,1584504890.7565084,1584504890.7566617,1584504890.7568488,1584504890.7569063
1584504890.7987144,1584504890.7989092,1584504890.7991152,1584504890.7991915,1584504890.7993503,1584504890.799538,1584504890.7995956,1584504890.799748,1584504890.7999325,1584504890.7999895
1584504890.8416855,1584504890.841877,1584504890.8420806,1584504890.8421552,1584504890.8423176,1584504890.8425066,1584504890.8425643,1584504890.842719,1584504890.842904,1584504890.842961
1584504890.8847747,1584504890.8849666,1584504890.8851852,1584504890.88525,1584504890.8854082,1584504890.8855975,1584504890.8856554,1584504890.8858085,1584504890.885994,1584504890.8860514
1584504890.9278846,1584504890.9280732,1584504890.9282916,1584504890.9283547,1584504890.9285126,1584504890.9287014,1584504890.9287596,1584504890.928913,1584504890.929099,1584504890.9291687
1584504890.9711788,1584504890.971369,1584504890.9715714,1584504890.9716349,1584504890.971792,1584504890.971979,1584504890.972037,1584504890.9722033,1584504890.9723897,1584504890.9724467
1584504891.014304,1584504891.0144985,1584504891.0147026,1584504891.0147667,1584504891.0149243,1584504891.0151143,1584504891.0151854,1584504891.0153406,1584504891.0155294,1584504891.015587
1584504891.0571446,1584504891.0573351,1584504891.057539,1584504891.0576026,1584504891.05776,1584504891.0579488,1584504891.0580065,1584504891.0581708,1584504891.0583572,1584504891.0584147
1584504891.0990946,1584504891.0993075,1584504891.0995286,1584504891.0995915,1584504891.0997515,1584504891.0999415,1584504891.0999994,1584504891.1001632,1584504891.1003513,1584504891.100409
1584504891.1895115,1584504891.1899977,1584504891.1904883,1584504891.1906242,1584504891.1908307,1584504891.1910837,1584504891.191155,1584504891.1913662,1584504891.1915984,1584504891.1916654
1584504891.2335746,1584504891.2337744,1584504891.233984,1584504891.2340486,1584504891.23423,1584504891.2344227,1584504891.2344809,1584504891.2346346,1584504891.2348218,1584504891.2348795
1584504891.2771428,1584504891.2773342,1584504891.2775366,1584504891.2775996,1584504891.2777588,1584504891.2779465,1584504891.278004,1584504891.2781825,1584504891.2783744,1584504891.2784317
1584504891.3202362,1584504891.3204267,1584504891.3206298,1584504891.3206928,1584504891.3208506,1584504891.3210394,1584504891.321097,1584504891.321263,1584504891.3214526,1584504891.3215106
1584504891.363363,1584504891.3635669,1584504891.3637803,1584504891.3638449,1584504891.3640053,1584504891.364207,1584504891.3642654,1584504891.3644207,1584504891.364608,1584504891.3646643
1584504891.4065037,1584504891.4066975,1584504891.4069035,1584504891.4069664,1584504891.4071348,1584504891.4073267,1584504891.4073844,1584504891.407537,1584504891.4077234,1584504891.4077806
1584504891.4495924,1584504891.4497838,1584504891.4499862,1584504891.4500496,1584504891.4502203,1584504891.4504118,1584504891.4504695,1584504891.4506233,1584504891.4508088,1584504891.450867
1584504891.4926429,1584504891.4928331,1584504891.4930363,1584504891.4931,1584504891.4932718,1584504891.4934616,1584504891.4935193,1584504891.4936736,1584504891.4938598,1584504891.4939182
1584504891.537403,1584504891.5376847,1584504891.5379794,1584504891.5380688,1584504891.5383074,1584504891.5385716,1584504891.538653,1584504891.538868,1584504891.5391417,1584504891.5392244
1584504891.5815444,1584504891.5817802,1584504891.582031,1584504891.5821097,1584504891.5823233,1584504891.582558,1584504891.5826297,1584504891.5828202,1584504891.5830503,1584504891.5831208
1584504891.6253772,1584504891.625594,1584504891.625825,1584504891.625897,1584504891.626075,1584504891.6263049,1584504891.6263714,1584504891.6265435,1584504891.6267715,1584504891.6268363
1584504891.6686597,1584504891.6688566,1584504891.6690662,1584504891.6691432,1584504891.6693096,1584504891.6695042,1584504891.6695642,1584504891.6697235,1584504891.6699152,1584504891.6699755
1584504891.7119439,1584504891.7121587,1584504891.712374,1584504891.7124405,1584504891.712603,1584504891.712798,1584504891.7128587,1584504891.713019,1584504891.7132251,1584504891.7132857
1584504891.755418,1584504891.7556193,1584504891.7558336,1584504891.7558994,1584504891.756063,1584504891.756494,1584504891.7565546,1584504891.756715,1584504891.7569091,1584504891.7569687
1584504891.7985647,1584504891.7987614,1584504891.7989738,1584504891.7990391,1584504891.799215,1584504891.7994103,1584504891.7994695,1584504891.799627,1584504891.79982,1584504891.799879
1584504891.841606,1584504891.8418033,1584504891.8420146,1584504891.8420806,1584504891.8422565,1584504891.8424523,1584504891.8425124,1584504891.8426695,1584504891.8428617,1584504891.8429217
1584504891.8847432,1584504891.8849413,1584504891.8851647,1584504891.8852313,1584504891.885395,1584504891.88559,1584504891.8856506,1584504891.8858101,1584504891.8860009,1584504891.8860617
1584504891.9278717,1584504891.9280677,1584504891.9282923,1584504891.9283576,1584504891.9285214,1584504891.9287167,1584504891.928777,1584504891.928934,1584504891.9291382,1584504891.9292014
1584504891.9709375,1584504891.9711437,1584504891.971355,1584504891.9714205,1584504891.9715817,1584504891.971776,1584504891.971836,1584504891.9719958,1584504891.9722016,1584504891.972262
1584504892.0142887,1584504892.0144866,1584504892.014696,1584504892.014761,1584504892.0149229,1584504892.0151176,1584504892.0151916,1584504892.015351,1584504892.0155442,1584504892.0156043
1584504892.0580056,1584504892.058215,1584504892.0584278,1584504892.0584939,1584504892.0586557,1584504892.0588498,1584504892.0589104,1584504892.0590684,1584504892.0592752,1584504892.059335
1584504892.1011796,1584504892.101378,1584504892.10159,1584504892.1016567,1584504892.1018198,1584504892.102014,1584504892.1020737,1584504892.102247,1584504892.1024387,1584504892.1024988
1584504892.144529,1584504892.1447244,1584504892.1449335,1584504892.1449983,1584504892.1451735,1584504892.1453674,1584504892.1454265,1584504892.1455836,1584504892.1457746,1584504892.145834
1584504892.1875591,1584504892.1877549,1584504892.187965,1584504892.18803,1584504892.1882057,1584504892.1884015,1584504892.1884608,1584504892.1886194,1584504892.1888113,1584504892.1888719
1584504892.2306967,1584504892.230893,1584504892.2311022,1584504892.2311804,1584504892.2313442,1584504892.2315361,1584504892.2315953,1584504892.231753,1584504892.2319453,1584504892.2320051
1584504892.2737634,1584504892.27396,1584504892.2741845,1584504892.2742503,1584504892.2744143,1584504892.2746081,1584504892.274668,1584504892.2748253,1584504892.2750158,1584504892.275075
1584504892.3169205,1584504892.317118,1584504892.317341,1584504892.3174064,1584504892.3175704,1584504892.3177657,1584504892.3178256,1584504892.3179834,1584504892.318189,1584504892.3182473
1584504892.3600814,1584504892.3602881,1584504892.3604982,1584504892.360565,1584504892.36073,1584504892.3609247,1584504892.360985,1584504892.3611548,1584504892.3613474,1584504892.3614066
1584504892.4032202,1584504892.403415,1584504892.4036245,1584504892.4036896,1584504892.4038506,1584504892.4040427,1584504892.4041014,1584504892.4044857,1584504892.4046805,1584504892.4047403
1584504892.4463933,1584504892.4465933,1584504892.4468057,1584504892.4468715,1584504892.4470336,1584504892.447241,1584504892.4473014,1584504892.4474592,1584504892.447653,1584504892.447712
1584504892.4895945,1584504892.489793,1584504892.4900038,1584504892.4900694,1584504892.4902422,1584504892.490437,1584504892.4904969,1584504892.4906545,1584504892.4908483,1584504892.490908
1584504892.5327961,1584504892.5330007,1584504892.5332296,1584504892.5332956,1584504892.5334601,1584504892.533656,1584504892.5337155,1584504892.533874,1584504892.5340664,1584504892.5341356
1584504892.5758724,1584504892.5760672,1584504892.5763025,1584504892.5763676,1584504892.5765295,1584504892.5767221,1584504892.5767813,1584504892.5769377,1584504892.5771391,1584504892.5772011
1584504892.6189523,1584504892.6191607,1584504892.619371,1584504892.6194353,1584504892.6195986,1584504892.6197915,1584504892.6198514,1584504892.6200094,1584504892.6202133,1584504892.6202734
1584504892.662064,1584504892.6622748,1584504892.6624863,1584504892.6625514,1584504892.6627116,1584504892.6629062,1584504892.662966,1584504892.6631348,1584504892.6633313,1584504892.6633918
1584504892.705146,1584504892.705342,1584504892.7055492,1584504892.7056153,1584504892.7057774,1584504892.7059708,1584504892.7060304,1584504892.7062032,1584504892.7063963,1584504892.7064567
1584504892.748269,1584504892.7484639,1584504892.7486727,1584504892.7487378,1584504892.7489014,1584504892.7490957,1584504892.7491686,1584504892.7493286,1584504892.7495208,1584504892.7495813
1584504892.7913635,1584504892.7915628,1584504892.7917745,1584504892.7918408,1584504892.792003,1584504892.7922099,1584504892.792271,1584504892.7924292,1584504892.7926211,1584504892.792681
1584504892.8342474,1584504892.8344421,1584504892.83465,1584504892.8347151,1584504892.8348756,1584504892.8350685,1584504892.8351395,1584504892.8353007,1584504892.8354921,1584504892.8355522
1584504892.8762164,1584504892.8764272,1584504892.8766556,1584504892.876721,1584504892.8768852,1584504892.8770812,1584504892.8771544,1584504892.8773148,1584504892.8775065,1584504892.8775647
1584504892.9667456,1584504892.9672506,1584504892.9677393,1584504892.967872,1584504892.9680865,1584504892.9683497,1584504892.96841,1584504892.968621,1584504892.9688654,1584504892.9689348
1584504893.0106418,1584504893.010844,1584504893.0110593,1584504893.0111368,1584504893.011304,1584504893.0115004,1584504893.0115616,1584504893.0117202,1584504893.0119114,1584504893.0119715
1584504893.053774,1584504893.0539694,1584504893.0541906,1584504893.054256,1584504893.0544174,1584504893.0546126,1584504893.0546725,1584504893.0548418,1584504893.055035,1584504893.055096
1584504893.0969973,1584504893.0972033,1584504893.097412,1584504893.0974777,1584504893.0976403,1584504893.0978343,1584504893.0978954,1584504893.0980535,1584504893.0982587,1584504893.098319
1584504893.1404388,1584504893.1406407,1584504893.1408575,1584504893.1409223,1584504893.1410847,1584504893.1412923,1584504893.1413507,1584504893.1415071,1584504893.1416984,1584504893.141758
1584504893.1837819,1584504893.1839797,1584504893.1842058,1584504893.1842716,1584504893.1844354,1584504893.184633,1584504893.1846926,1584504893.1848516,1584504893.1850438,1584504893.1851041
1584504893.2268703,1584504893.2270682,1584504893.2272916,1584504893.2273567,1584504893.2275176,1584504893.2277114,1584504893.2277718,1584504893.2279286,1584504893.2281208,1584504893.228192
1584504893.27012,1584504893.2703285,1584504893.2705386,1584504893.270604,1584504893.2707646,1584504893.2709582,1584504893.2710183,1584504893.2711885,1584504893.2713819,1584504893.2714415
1584504893.3132546,1584504893.3134553,1584504893.3136702,1584504893.3137355,1584504893.313898,1584504893.314092,1584504893.3141658,1584504893.3143277,1584504893.3145196,1584504893.3145797
1584504893.356405,1584504893.356602,1584504893.3568122,1584504893.3568783,1584504893.357041,1584504893.3572512,1584504893.357312,1584504893.3574712,1584504893.3576643,1584504893.3577244
1584504893.3995273,1584504893.3997226,1584504893.3999343,1584504893.3999994,1584504893.4003842,1584504893.4005847,1584504893.4006455,1584504893.400804,1584504893.4009972,1584504893.4010572
1584504893.4426045,1584504893.4427996,1584504893.4430084,1584504893.4430742,1584504893.4434433,1584504893.443642,1584504893.4437008,1584504893.4438586,1584504893.4440527,1584504893.4441123
1584504893.4859643,1584504893.4861872,1584504893.4864051,1584504893.4864724,1584504893.4866374,1584504893.486832,1584504893.4868925,1584504893.487051,1584504893.487255,1584504893.4873142
1584504893.5291808,1584504893.5293784,1584504893.5295892,1584504893.5296557,1584504893.5298178,1584504893.5300133,1584504893.5300741,1584504893.5302472,1584504893.5304422,1584504893.5305033
1584504893.5722969,1584504893.5724971,1584504893.5727084,1584504893.5727737,1584504893.5729344,1584504893.573138,1584504893.573201,1584504893.5733597,1584504893.573551,1584504893.5736105
1584504893.6153116,1584504893.61551,1584504893.6157222,1584504893.6157882,1584504893.6159503,1584504893.6161652,1584504893.6162288,1584504893.6163895,1584504893.6165829,1584504893.6166427
1584504893.6585393,1584504893.6587346,1584504893.658945,1584504893.6590104,1584504893.6591856,1584504893.6593812,1584504893.6594408,1584504893.659599,1584504893.6597908,1584504893.6598508
1584504893.7016554,1584504893.701852,1584504893.7020607,1584504893.7021372,1584504893.7023053,1584504893.7024999,1584504893.70256,1584504893.7027183,1584504893.7029085,1584504893.702969
1584504893.744849,1584504893.7450469,1584504893.745271,1584504893.745336,1584504893.7454987,1584504893.7456932,1584504893.745753,1584504893.7459111,1584504893.7461045,1584504893.7461784
1584504893.7882361,1584504893.7884316,1584504893.7886407,1584504893.7887063,1584504893.7888694,1584504893.7890663,1584504893.7891378,1584504893.7892997,1584504893.7894928,1584504893.7895525
1584504893.831396,1584504893.8315907,1584504893.8317995,1584504893.8318634,1584504893.8320236,1584504893.832443,1584504893.8325045,1584504893.8326662,1584504893.832859,1584504893.8329186
1584504893.8745384,1584504893.8747375,1584504893.8749504,1584504893.8750162,1584504893.87519,1584504893.875387,1584504893.8754468,1584504893.8756044,1584504893.8757992,1584504893.8758593
1584504893.9177501,1584504893.9179516,1584504893.9181795,1584504893.9182456,1584504893.9184096,1584504893.9186053,1584504893.9186654,1584504893.918824,1584504893.9190185,1584504893.9190786
1584504893.9609675,1584504893.9611807,1584504893.9613962,1584504893.961461,1584504893.9616244,1584504893.9618163,1584504893.9618764,1584504893.962035,1584504893.9622395,1584504893.9622989
1584504894.0041814,1584504894.0043817,1584504894.0045953,1584504894.0046608,1584504894.0048232,1584504894.005285,1584504894.005345,1584504894.0055046,1584504894.0056992,1584504894.0057585
1584504894.0473917,1584504894.0475883,1584504894.0477993,1584504894.0478644,1584504894.0480263,1584504894.0482354,1584504894.0482945,1584504894.0484526,1584504894.0486457,1584504894.0487041
1584504894.090503,1584504894.0906997,1584504894.0909111,1584504894.0909762,1584504894.0911498,1584504894.0913465,1584504894.0914068,1584504894.091564,1584504894.091756,1584504894.091816
1584504894.133712,1584504894.1339076,1584504894.1341174,1584504894.1341963,1584504894.1343603,1584504894.1345546,1584504894.134613,1584504894.1347713,1584504894.134965,1584504894.135024
1584504894.1770592,1584504894.1772647,1584504894.1774733,1584504894.1775377,1584504894.1776986,1584504894.1778915,1584504894.1779523,1584504894.1781096,1584504894.1783168,1584504894.1783757
1584504894.2203205,1584504894.2205143,1584504894.2207258,1584504894.220791,1584504894.220953,1584504894.221159,1584504894.2212195,1584504894.221379,1584504894.2215724,1584504894.2216327
1584504894.2636228,1584504894.2638226,1584504894.2640362,1584504894.264102,1584504894.2642775,1584504894.2644742,1584504894.2645345,1584504894.2646933,1584504894.2648864,1584504894.264946
1584504894.306686,1584504894.3068824,1584504894.307092,1584504894.3071687,1584504894.3073337,1584504894.3075297,1584504894.3075893,1584504894.3077488,1584504894.3079407,1584504894.308
1584504894.3497152,1584504894.3499105,1584504894.3501198,1584504894.3501968,1584504894.350359,1584504894.3505533,1584504894.3506126,1584504894.3507707,1584504894.350962,1584504894.3510215
1584504894.3928497,1584504894.3930469,1584504894.3932705,1584504894.3933363,1584504894.3934987,1584504894.3936932,1584504894.3937535,1584504894.393911,1584504894.3941054,1584504894.3941765
1584504894.4359932,1584504894.4362154,1584504894.436429,1584504894.4364939,1584504894.4366558,1584504894.4368489,1584504894.4369097,1584504894.437068,1584504894.4372735,1584504894.437333
1584504894.4791176,1584504894.4793243,1584504894.479533,1584504894.4795976,1584504894.4797602,1584504894.4799552,1584504894.4800153,1584504894.4801857,1584504894.4803805,1584504894.4804401
1584504894.522316,1584504894.5225105,1584504894.5227184,1584504894.5227828,1584504894.5229442,1584504894.523149,1584504894.5232108,1584504894.5233705,1584504894.5235627,1584504894.5236225
1584504894.5654917,1584504894.5656884,1584504894.5658996,1584504894.565964,1584504894.5661364,1584504894.5663357,1584504894.5663953,1584504894.5665536,1584504894.5667453,1584504894.5668058
1584504894.608314,1584504894.6085105,1584504894.6087177,1584504894.6087823,1584504894.608943,1584504894.6091473,1584504894.6092095,1584504894.6093678,1584504894.6095593,1584504894.6096177
1584504894.6502533,1584504894.6504607,1584504894.6506865,1584504894.6507518,1584504894.6509156,1584504894.6511104,1584504894.6511846,1584504894.6513438,1584504894.6515374,1584504894.6515977
